# Modern-Era Retrospective Analysis for Research and Applications (MERRA), version 2
# Provider;National Aeronautics and Space Administration (NASA) / Goddard Space Flight Center
# More information at;http://gmao.gsfc.nasa.gov/reanalysis/MERRA-2
# Site latitude (positive means North);45.641
# Site longitude (positive means East);5.875
# Site altitude (m);606
# Date beginning;2011-05-01
# Date end;2011-05-30
# Time reference (hour);UT
# Summarization (period of integration);Hour (h)
# Date - Instant;The date or instant given for each value corresponds to the end of the summarization

# Columns:
# Temperature (K);Temperature at 2 m above ground
# Relative humidity (%);Relative humidity at 2 m above ground
# Pressure (hPa);Pressure at ground level
# Wind speed (m/s);Wind speed at 10 m above ground
# Wind direction (deg);Wind direction at 10 m above ground (0 means from North, 90 from East...)
# Rainfall (kg/m2);Rainfall (= rain depth in mm)
# Snowfall (kg/m2);Snowfall
# Snow depth (m);Snow depth
# Short-wave irradiation (Wh/m2);Surface incoming shortwave irradiation (broadband)

# MERRA-2 meteorological data
# Date;UT time;Temperature;Relative Humidity;Pressure;Wind speed;Wind direction;Rainfall;Snowfall;Snow depth;Short-wave irradiation
2011-05-01;01:00;280.59;80.38;909.95;1.59;176.70;0.009577;0.000000;0.000000;0.0000
2011-05-01;02:00;280.06;82.20;910.06;1.72;180.29;0.027433;0.000000;0.000000;0.0000
2011-05-01;03:00;279.62;83.97;910.24;1.79;178.22;0.033724;0.000000;0.000000;0.0000
2011-05-01;04:00;279.29;85.30;910.37;1.81;170.79;0.031896;0.000000;0.000000;0.0000
2011-05-01;05:00;279.10;85.87;910.49;1.81;163.57;0.016611;0.000000;0.000000;6.8743
2011-05-01;06:00;280.60;86.54;910.73;1.54;160.33;0.006940;0.000000;0.000000;110.7917
2011-05-01;07:00;283.65;74.18;911.03;1.47;170.93;0.009408;0.000000;0.000000;282.4328
2011-05-01;08:00;285.88;62.58;911.17;1.06;204.12;0.014867;0.000000;0.000000;486.4016
2011-05-01;09:00;287.70;55.96;911.18;1.01;254.56;0.015359;0.000000;0.000000;645.3282
2011-05-01;10:00;288.91;52.05;911.16;1.30;283.23;0.010866;0.000000;0.000000;746.7038
2011-05-01;11:00;289.79;49.39;911.08;1.59;297.84;0.008741;0.000000;0.000000;803.9429
2011-05-01;12:00;290.35;48.01;910.97;1.77;307.97;0.013647;0.000000;0.000000;817.9740
2011-05-01;13:00;290.72;47.23;910.85;1.82;318.38;0.020511;0.000000;0.000000;799.5231
2011-05-01;14:00;290.86;46.98;910.65;1.82;327.11;0.024816;0.000000;0.000000;726.0912
2011-05-01;15:00;290.71;47.43;910.48;1.85;331.28;0.031195;0.000000;0.000000;610.9765
2011-05-01;16:00;290.34;48.63;910.47;1.81;332.42;0.035435;0.000000;0.000000;466.7587
2011-05-01;17:00;289.68;52.14;910.59;1.60;333.52;0.036419;0.000000;0.000000;301.3116
2011-05-01;18:00;288.51;63.89;910.76;1.06;337.15;0.028514;0.000000;0.000000;141.0475
2011-05-01;19:00;287.02;62.61;910.96;0.68;334.64;0.023790;0.000000;0.000000;18.2547
2011-05-01;20:00;286.28;60.83;911.36;0.11;228.82;0.014693;0.000000;0.000000;0.0000
2011-05-01;21:00;285.10;65.66;911.62;0.97;174.24;0.006990;0.000000;0.000000;0.0000
2011-05-01;22:00;283.76;72.52;911.74;1.60;171.73;0.001230;0.000000;0.000000;0.0000
2011-05-01;23:00;282.74;77.63;911.87;1.95;172.75;0.000094;0.000000;0.000000;0.0000
2011-05-01;24:00;282.05;80.72;911.99;2.07;174.16;0.000010;0.000000;0.000000;0.0000
2011-05-02;01:00;281.62;82.48;911.92;1.96;171.27;0.000005;0.000000;0.000000;0.0000
2011-05-02;02:00;281.29;83.84;911.71;1.79;162.77;0.000004;0.000000;0.000000;0.0000
2011-05-02;03:00;281.07;84.29;911.39;1.68;148.21;0.000005;0.000000;0.000000;0.0000
2011-05-02;04:00;280.66;85.58;911.00;1.63;132.40;0.000011;0.000000;0.000000;0.0000
2011-05-02;05:00;280.61;84.69;910.72;1.63;122.59;0.000010;0.000000;0.000000;7.7197
2011-05-02;06:00;281.91;84.00;910.60;1.41;119.71;0.000034;0.000000;0.000000;98.3963
2011-05-02;07:00;285.15;74.07;910.57;0.99;119.11;0.001286;0.000000;0.000000;269.1610
2011-05-02;08:00;287.74;60.61;910.48;0.10;140.64;0.007509;0.000000;0.000000;442.7471
2011-05-02;09:00;289.50;54.75;910.32;0.67;302.64;0.053228;0.000000;0.000000;606.8378
2011-05-02;10:00;290.51;51.97;910.10;1.21;300.46;0.086091;0.000000;0.000000;679.8879
2011-05-02;11:00;290.95;51.43;909.85;1.57;296.06;0.125807;0.000000;0.000000;677.7616
2011-05-02;12:00;291.00;52.22;909.65;1.78;292.42;0.206750;0.000000;0.000000;628.2712
2011-05-02;13:00;290.65;54.35;909.45;1.92;293.18;0.321980;0.000000;0.000000;525.7526
2011-05-02;14:00;290.22;57.00;909.15;1.94;298.85;0.485020;0.000000;0.000000;449.6627
2011-05-02;15:00;289.69;60.04;908.83;1.84;305.09;0.839133;0.000000;0.000000;364.7924
2011-05-02;16:00;289.13;63.47;908.69;1.63;304.81;1.422624;0.000000;0.000000;267.1200
2011-05-02;17:00;288.37;68.53;908.57;1.23;296.69;2.372922;0.000000;0.000000;171.9398
2011-05-02;18:00;287.12;78.41;908.61;0.57;264.09;2.813211;0.425217;0.000040;87.6436
2011-05-02;19:00;285.03;85.93;908.94;0.81;187.24;2.384132;0.737021;0.000297;11.6596
2011-05-02;20:00;283.97;88.39;909.42;1.22;168.88;1.423229;0.818051;0.000888;0.0000
2011-05-02;21:00;283.54;89.82;909.62;1.62;164.56;0.913424;0.609961;0.001299;0.0000
2011-05-02;22:00;282.90;90.68;909.69;2.07;159.27;0.493112;0.504945;0.002238;0.0000
2011-05-02;23:00;282.09;92.35;909.67;2.23;155.91;0.304413;0.283168;0.002687;0.0000
2011-05-02;24:00;281.28;93.94;909.62;2.08;152.37;0.135702;0.142848;0.002949;0.0000
2011-05-03;01:00;280.42;94.52;909.61;1.98;153.01;0.103047;0.000000;0.002262;0.0000
2011-05-03;02:00;279.89;94.16;909.82;1.86;155.55;0.026071;0.000000;0.002284;0.0000
2011-05-03;03:00;279.92;90.70;910.12;1.84;157.06;0.020213;0.000000;0.002293;0.0000
2011-05-03;04:00;280.45;87.00;910.37;1.46;164.21;0.033560;0.000000;0.002298;0.0000
2011-05-03;05:00;280.93;86.37;910.67;1.07;182.17;0.076364;0.000000;0.002300;5.5653
2011-05-03;06:00;281.96;90.78;911.07;0.66;212.96;0.147162;0.000000;0.002278;52.5975
2011-05-03;07:00;283.02;88.13;911.54;0.72;260.81;0.170242;0.000000;0.002197;109.1025
2011-05-03;08:00;284.09;88.56;911.98;1.26;306.97;0.222825;0.000000;0.002073;169.2939
2011-05-03;09:00;285.05;80.55;912.26;1.82;324.67;0.332717;0.000000;0.001903;286.2506
2011-05-03;10:00;286.22;74.81;912.45;2.26;333.53;0.441837;0.000000;0.001668;461.7259
2011-05-03;11:00;287.04;69.10;912.59;2.74;336.09;0.375971;0.000000;0.001397;514.8975
2011-05-03;12:00;287.36;66.35;912.74;2.97;335.95;0.333217;0.000000;0.001137;520.2655
2011-05-03;13:00;287.47;65.29;912.92;3.13;334.98;0.306753;0.000000;0.000919;506.8840
2011-05-03;14:00;287.33;65.43;913.10;3.26;334.95;0.297831;0.000000;0.000756;449.1826
2011-05-03;15:00;286.93;66.73;913.30;3.37;335.46;0.259229;0.000000;0.000639;356.6694
2011-05-03;16:00;286.38;69.28;913.59;3.36;336.39;0.210410;0.000000;0.000556;253.1420
2011-05-03;17:00;285.71;73.03;913.95;3.14;337.71;0.172690;0.000000;0.000503;152.8721
2011-05-03;18:00;284.82;79.39;914.40;2.60;338.92;0.174757;0.000000;0.000475;78.0915
2011-05-03;19:00;283.34;88.50;914.95;1.88;343.00;0.113942;0.000000;0.000463;12.2116
2011-05-03;20:00;282.11;91.39;915.65;1.93;351.61;0.056547;0.000000;0.000453;0.0000
2011-05-03;21:00;281.26;92.55;916.23;1.89;2.26;0.030438;0.000000;0.000445;0.0000
2011-05-03;22:00;280.51;93.41;916.59;1.79;15.01;0.018504;0.000000;0.000436;0.0000
2011-05-03;23:00;279.87;94.03;916.86;1.74;25.36;0.008085;0.000000;0.000430;0.0000
2011-05-03;24:00;279.29;94.57;917.09;1.66;32.51;0.003937;0.000000;0.000427;0.0000
2011-05-04;01:00;278.79;94.70;917.29;1.60;37.61;0.002349;0.000000;0.000425;0.0000
2011-05-04;02:00;278.42;94.28;917.43;1.54;39.93;0.003182;0.000000;0.000461;0.0000
2011-05-04;03:00;278.03;94.57;917.62;1.38;39.68;0.001723;0.000205;0.000568;0.0000
2011-05-04;04:00;277.75;94.64;917.90;1.25;40.80;0.001618;0.000011;0.000472;0.0000
2011-05-04;05:00;277.48;95.34;918.32;1.09;39.77;0.001582;0.000008;0.000487;10.0638
2011-05-04;06:00;278.77;90.70;918.84;1.03;35.98;0.000256;0.000084;0.000485;121.7051
2011-05-04;07:00;280.97;77.32;919.34;1.70;17.99;0.000105;0.000007;0.000429;325.7023
2011-05-04;08:00;283.24;61.35;919.80;2.59;5.84;0.000062;0.000000;0.000394;516.7978
2011-05-04;09:00;284.87;51.64;920.12;3.05;356.31;0.000027;0.000000;0.000342;689.4125
2011-05-04;10:00;286.02;47.14;920.36;3.47;347.90;0.000011;0.000000;0.000283;826.2049
2011-05-04;11:00;286.91;44.93;920.43;3.81;344.26;0.000004;0.000000;0.000225;913.3059
2011-05-04;12:00;287.59;43.74;920.40;4.02;344.23;0.000002;0.000000;0.000175;946.3031
2011-05-04;13:00;288.06;43.01;920.35;4.15;345.61;0.000002;0.000000;0.000135;922.3999
2011-05-04;14:00;288.24;42.54;920.37;4.22;347.67;0.000001;0.000000;0.000106;844.7854
2011-05-04;15:00;288.08;42.87;920.38;4.22;349.77;0.000001;0.000000;0.000086;719.4853
2011-05-04;16:00;287.64;44.08;920.51;4.19;352.33;0.000001;0.000000;0.000073;555.0778
2011-05-04;17:00;286.84;46.95;920.67;3.98;354.05;0.000000;0.000000;0.000065;367.7816
2011-05-04;18:00;285.23;58.01;920.88;2.98;352.70;0.000000;0.000000;0.000062;177.1826
2011-05-04;19:00;281.93;75.49;921.15;2.49;352.64;0.000000;0.000000;0.000061;27.1090
2011-05-04;20:00;280.45;76.56;921.61;2.53;3.08;0.000000;0.000000;0.000061;0.0000
2011-05-04;21:00;279.87;77.07;921.88;2.28;18.07;0.000000;0.000000;0.000061;0.0000
2011-05-04;22:00;279.19;78.34;921.96;2.05;34.43;0.000000;0.000000;0.000061;0.0000
2011-05-04;23:00;278.49;79.91;922.02;1.94;47.68;0.000000;0.000000;0.000061;0.0000
2011-05-04;24:00;277.90;81.20;921.98;1.86;56.00;0.000000;0.000000;0.000061;0.0000
2011-05-05;01:00;277.45;82.17;921.94;1.73;63.37;0.000000;0.000000;0.000061;0.0000
2011-05-05;02:00;277.15;82.34;922.01;1.56;70.27;0.000000;0.000000;0.000061;0.0000
2011-05-05;03:00;276.91;82.59;922.22;1.37;78.31;0.000000;0.000000;0.000061;0.0000
2011-05-05;04:00;276.62;83.62;922.56;1.19;91.69;0.000000;0.000000;0.000061;0.0000
2011-05-05;05:00;276.18;86.07;923.00;1.19;108.76;0.000018;0.000000;0.000061;12.7210
2011-05-05;06:00;277.92;85.64;923.51;1.02;117.16;0.000129;0.000000;0.000061;138.5444
2011-05-05;07:00;281.12;70.42;923.98;0.96;125.74;0.000020;0.000000;0.000058;323.7353
2011-05-05;08:00;284.13;54.74;924.32;0.44;149.26;0.000069;0.000000;0.000052;522.2012
2011-05-05;09:00;286.59;44.13;924.48;0.60;254.36;0.000061;0.000000;0.000044;691.6278
2011-05-05;10:00;288.45;39.49;924.55;1.34;264.45;0.000004;0.000000;0.000036;822.7708
2011-05-05;11:00;289.73;38.35;924.46;1.92;268.12;0.000026;0.000000;0.000028;907.3752
2011-05-05;12:00;290.54;38.74;924.37;2.20;270.65;0.000488;0.000000;0.000021;933.8235
2011-05-05;13:00;291.08;39.79;924.27;2.28;270.92;0.003765;0.000000;0.000011;913.0936
2011-05-05;14:00;291.22;41.59;924.22;2.28;268.53;0.014272;0.000000;0.000005;817.9176
2011-05-05;15:00;291.04;43.84;924.08;2.20;263.10;0.022471;0.000000;0.000004;682.9197
2011-05-05;16:00;290.58;47.03;923.99;2.10;257.01;0.041514;0.000000;0.000004;507.4211
2011-05-05;17:00;289.79;52.38;923.96;1.83;250.11;0.051021;0.000000;0.000003;323.9110
2011-05-05;18:00;288.31;67.76;924.09;1.15;240.54;0.075197;0.000000;0.000003;132.6632
2011-05-05;19:00;286.42;74.76;924.40;1.16;223.85;0.102166;0.000000;0.000003;17.0957
2011-05-05;20:00;285.65;74.43;924.94;1.39;202.71;0.135715;0.000000;0.000003;0.0000
2011-05-05;21:00;284.90;78.76;925.42;1.78;194.22;0.160300;0.000000;0.000003;0.0000
2011-05-05;22:00;284.16;82.61;925.80;1.99;190.06;0.163784;0.000000;0.000003;0.0000
2011-05-05;23:00;283.60;84.39;926.19;2.01;186.05;0.142229;0.000000;0.000003;0.0000
2011-05-05;24:00;282.99;84.94;926.43;1.98;178.94;0.113925;0.000000;0.000003;0.0000
2011-05-06;01:00;282.34;85.77;926.42;1.93;170.04;0.081283;0.000000;0.000003;0.0000
2011-05-06;02:00;281.62;87.61;926.30;1.89;160.29;0.046454;0.000000;0.000003;0.0000
2011-05-06;03:00;281.01;88.75;926.21;1.88;150.61;0.022779;0.000000;0.000003;0.0000
2011-05-06;04:00;280.44;89.40;926.12;1.93;145.90;0.009611;0.000000;0.000003;0.0000
2011-05-06;05:00;279.95;89.88;926.05;2.02;143.25;0.003928;0.000000;0.000003;11.5817
2011-05-06;06:00;281.84;88.33;926.08;1.67;143.11;0.001223;0.000000;0.000003;126.6942
2011-05-06;07:00;284.82;71.86;926.16;2.02;149.36;0.000358;0.000000;0.000003;289.8762
2011-05-06;08:00;287.37;59.37;926.18;2.25;173.52;0.000157;0.000000;0.000001;476.0851
2011-05-06;09:00;289.42;50.63;926.14;2.66;195.08;0.001190;0.000000;0.000000;646.4756
2011-05-06;10:00;290.98;45.05;926.04;3.10;208.22;0.002934;0.000000;0.000000;805.8450
2011-05-06;11:00;291.98;41.49;925.86;3.43;217.45;0.005356;0.000000;0.000000;882.4688
2011-05-06;12:00;292.65;39.27;925.65;3.69;222.99;0.009866;0.000000;0.000000;913.0844
2011-05-06;13:00;293.01;38.22;925.47;3.84;225.71;0.012267;0.000000;0.000000;891.0770
2011-05-06;14:00;293.06;38.30;925.25;3.90;226.55;0.014038;0.000000;0.000000;814.7604
2011-05-06;15:00;292.77;39.43;925.05;3.84;226.42;0.017277;0.000000;0.000000;689.1985
2011-05-06;16:00;292.22;41.75;924.93;3.69;226.01;0.020778;0.000000;0.000000;530.0010
2011-05-06;17:00;291.30;46.19;924.93;3.17;226.41;0.020943;0.000000;0.000000;353.2140
2011-05-06;18:00;289.49;60.92;925.03;2.18;223.44;0.023974;0.000000;0.000000;169.5484
2011-05-06;19:00;286.51;70.67;925.32;2.00;213.80;0.014192;0.000000;0.000000;28.1951
2011-05-06;20:00;284.86;70.12;925.98;2.05;200.12;0.007901;0.000000;0.000000;0.0000
2011-05-06;21:00;283.83;72.35;926.46;2.14;187.42;0.003046;0.000000;0.000000;0.0000
2011-05-06;22:00;282.86;74.65;926.52;2.15;175.26;0.001052;0.000000;0.000000;0.0000
2011-05-06;23:00;281.90;77.45;926.32;2.17;164.25;0.000163;0.000000;0.000000;0.0000
2011-05-06;24:00;281.17;79.07;926.04;2.33;160.01;0.000028;0.000000;0.000000;0.0000
2011-05-07;01:00;280.69;79.35;925.72;2.43;159.81;0.000014;0.000000;0.000000;0.0000
2011-05-07;02:00;280.26;79.94;925.50;2.26;155.48;0.000009;0.000000;0.000000;0.0000
2011-05-07;03:00;279.81;81.33;925.38;2.31;147.45;0.000006;0.000000;0.000000;0.0000
2011-05-07;04:00;279.58;82.56;925.35;2.44;143.84;0.000004;0.000000;0.000000;0.0000
2011-05-07;05:00;279.64;82.40;925.40;2.52;144.70;0.000003;0.000000;0.000000;11.2180
2011-05-07;06:00;282.12;76.25;925.50;2.35;147.02;0.000002;0.000000;0.000000;113.6153
2011-05-07;07:00;285.16;60.71;925.45;3.09;149.87;0.000001;0.000000;0.000000;296.5475
2011-05-07;08:00;288.29;49.08;925.17;3.24;165.53;0.000001;0.000000;0.000000;504.8997
2011-05-07;09:00;290.78;42.72;924.74;3.75;184.08;0.000000;0.000000;0.000000;676.6711
2011-05-07;10:00;292.34;40.77;924.36;3.88;197.61;0.000000;0.000000;0.000000;806.8087
2011-05-07;11:00;293.49;39.25;924.07;4.06;210.07;0.000022;0.000000;0.000000;890.7768
2011-05-07;12:00;294.16;38.91;923.94;4.28;218.11;0.001979;0.000000;0.000000;919.1620
2011-05-07;13:00;294.45;39.39;923.77;4.30;221.04;0.007575;0.000000;0.000000;885.4567
2011-05-07;14:00;294.36;40.58;923.57;4.22;220.62;0.020150;0.000000;0.000000;784.0287
2011-05-07;15:00;293.87;42.67;923.35;3.94;218.38;0.034631;0.000000;0.000000;599.2859
2011-05-07;16:00;293.18;45.85;923.11;3.37;215.46;0.038701;0.000000;0.000000;412.1285
2011-05-07;17:00;292.19;52.53;922.98;2.53;214.07;0.036327;0.000000;0.000000;251.1729
2011-05-07;18:00;290.55;67.35;923.00;1.73;213.32;0.026641;0.000000;0.000000;104.2840
2011-05-07;19:00;288.61;73.15;923.01;1.65;201.25;0.012028;0.000000;0.000000;16.3090
2011-05-07;20:00;287.70;70.70;923.06;1.66;185.34;0.005796;0.000000;0.000000;0.0000
2011-05-07;21:00;286.89;73.07;923.03;1.81;177.77;0.001429;0.000000;0.000000;0.0000
2011-05-07;22:00;286.06;75.29;922.86;1.88;179.13;0.000263;0.000000;0.000000;0.0000
2011-05-07;23:00;285.23;76.51;922.85;1.90;179.86;0.000099;0.000000;0.000000;0.0000
2011-05-07;24:00;284.60;77.99;922.83;1.88;179.50;0.000246;0.000000;0.000000;0.0000
2011-05-08;01:00;284.29;78.96;922.81;1.76;176.98;0.002370;0.000000;0.000000;0.0000
2011-05-08;02:00;284.33;78.38;923.05;1.51;176.14;0.008190;0.000000;0.000000;0.0000
2011-05-08;03:00;284.41;77.13;923.49;1.22;179.51;0.018055;0.000000;0.000000;0.0000
2011-05-08;04:00;284.39;75.85;923.90;0.97;165.95;0.028250;0.000000;0.000000;0.0000
2011-05-08;05:00;284.23;75.71;924.13;0.88;133.73;0.026130;0.000000;0.000000;10.9826
2011-05-08;06:00;285.44;79.18;924.42;0.76;109.25;0.027817;0.000000;0.000000;107.4475
2011-05-08;07:00;287.96;72.05;924.71;0.50;149.31;0.073136;0.000000;0.000000;273.4898
2011-05-08;08:00;289.69;56.60;924.66;0.99;231.39;0.052321;0.000000;0.000000;460.7191
2011-05-08;09:00;290.95;51.84;924.59;1.39;242.89;0.038265;0.000000;0.000000;620.9499
2011-05-08;10:00;292.11;48.93;924.50;1.71;251.45;0.075117;0.000000;0.000000;743.8648
2011-05-08;11:00;293.03;46.78;924.43;1.86;260.19;0.083678;0.000000;0.000000;820.1188
2011-05-08;12:00;293.69;45.44;924.26;1.84;270.42;0.097102;0.000000;0.000000;845.6083
2011-05-08;13:00;294.13;44.76;924.09;1.67;282.96;0.081492;0.000000;0.000000;828.1641
2011-05-08;14:00;294.24;44.91;923.85;1.39;301.19;0.091247;0.000000;0.000000;742.3916
2011-05-08;15:00;294.19;45.43;923.51;1.21;328.50;0.073439;0.000000;0.000000;632.5618
2011-05-08;16:00;293.99;46.66;923.22;1.25;352.18;0.046490;0.000000;0.000000;490.5687
2011-05-08;17:00;293.56;49.99;923.06;1.25;3.01;0.032636;0.000000;0.000000;336.0161
2011-05-08;18:00;292.69;58.37;923.06;0.99;3.67;0.021612;0.000000;0.000000;170.8954
2011-05-08;19:00;291.10;59.70;923.19;0.90;349.73;0.008870;0.000000;0.000000;31.9155
2011-05-08;20:00;290.27;56.20;923.51;0.68;347.49;0.001931;0.000000;0.000000;0.0000
2011-05-08;21:00;289.65;57.35;923.70;0.25;2.01;0.000226;0.000000;0.000000;0.0000
2011-05-08;22:00;288.64;60.99;923.69;0.31;135.47;0.000001;0.000000;0.000000;0.0000
2011-05-08;23:00;287.58;65.12;923.68;0.66;146.45;0.000000;0.000000;0.000000;0.0000
2011-05-08;24:00;286.46;69.89;923.69;0.85;145.10;0.000053;0.000000;0.000000;0.0000
2011-05-09;01:00;285.49;74.30;923.77;0.94;138.61;0.000740;0.000000;0.000000;0.0000
2011-05-09;02:00;284.45;79.71;923.98;0.97;136.98;0.000230;0.000000;0.000000;0.0000
2011-05-09;03:00;283.46;86.39;924.31;1.05;138.20;0.000053;0.000000;0.000000;0.0000
2011-05-09;04:00;282.69;91.67;924.63;1.05;133.76;0.000051;0.000000;0.000000;0.0000
2011-05-09;05:00;282.46;93.17;925.09;1.13;133.01;0.003507;0.000000;0.000000;14.7252
2011-05-09;06:00;284.60;89.16;925.50;0.83;143.22;0.004811;0.000000;0.000000;110.8274
2011-05-09;07:00;287.12;74.17;925.93;1.16;153.53;0.000547;0.000000;0.000000;264.7176
2011-05-09;08:00;289.69;62.80;926.32;1.43;190.65;0.001194;0.000000;0.000000;453.0985
2011-05-09;09:00;291.75;57.39;926.65;1.89;230.47;0.009883;0.000000;0.000000;625.1480
2011-05-09;10:00;292.90;56.10;926.97;2.42;245.85;0.042242;0.000000;0.000000;747.3337
2011-05-09;11:00;293.67;55.27;927.15;2.75;251.45;0.095899;0.000000;0.000000;817.0474
2011-05-09;12:00;293.91;55.48;927.23;2.78;254.78;0.129936;0.000000;0.000000;750.7000
2011-05-09;13:00;293.86;56.12;927.28;2.61;256.87;0.131762;0.000000;0.000000;650.5062
2011-05-09;14:00;293.58;57.51;927.27;2.36;258.22;0.150496;0.000000;0.000000;531.5652
2011-05-09;15:00;293.14;59.13;927.34;2.07;259.22;0.150681;0.000000;0.000000;399.2313
2011-05-09;16:00;292.83;60.77;927.33;1.78;256.11;0.133084;0.000000;0.000000;301.4860
2011-05-09;17:00;292.44;64.88;927.27;1.45;250.52;0.135829;0.000000;0.000000;203.8356
2011-05-09;18:00;291.58;72.92;927.24;1.22;240.61;0.127836;0.000000;0.000000;104.3549
2011-05-09;19:00;289.70;80.85;927.38;1.26;225.86;0.096265;0.000000;0.000000;23.6059
2011-05-09;20:00;288.61;79.67;927.84;1.49;215.72;0.086865;0.000000;0.000000;0.0000
2011-05-09;21:00;288.01;80.65;928.26;1.76;203.63;0.060248;0.000000;0.000000;0.0000
2011-05-09;22:00;287.25;82.13;928.60;2.22;190.41;0.049194;0.000000;0.000000;0.0000
2011-05-09;23:00;286.73;81.73;928.92;2.50;185.80;0.022887;0.000000;0.000000;0.0000
2011-05-09;24:00;286.66;78.42;929.20;2.68;185.43;0.011282;0.000000;0.000000;0.0000
2011-05-10;01:00;286.47;76.66;929.26;2.63;187.57;0.004008;0.000000;0.000000;0.0000
2011-05-10;02:00;286.04;76.64;929.37;2.41;191.72;0.002303;0.000000;0.000000;0.0000
2011-05-10;03:00;285.49;77.32;929.63;2.22;197.79;0.003806;0.000000;0.000000;0.0000
2011-05-10;04:00;284.96;78.80;930.00;2.12;200.92;0.014846;0.000000;0.000000;0.0000
2011-05-10;05:00;284.70;79.89;930.44;2.07;198.75;0.035394;0.000000;0.000000;11.3522
2011-05-10;06:00;285.60;82.01;930.94;1.92;196.10;0.044723;0.000000;0.000000;76.6207
2011-05-10;07:00;286.95;72.58;931.43;2.02;200.89;0.050309;0.000000;0.000000;168.6381
2011-05-10;08:00;288.01;65.38;931.76;2.39;208.19;0.033938;0.000000;0.000000;275.3087
2011-05-10;09:00;289.19;61.72;931.87;2.62;213.47;0.027831;0.000000;0.000000;404.1184
2011-05-10;10:00;290.61;58.72;931.78;2.45;218.59;0.039507;0.000000;0.000000;562.9344
2011-05-10;11:00;291.92;56.20;931.46;2.10;227.74;0.064568;0.000000;0.000000;657.5996
2011-05-10;12:00;292.63;55.30;931.00;1.76;240.88;0.086907;0.000000;0.000000;618.1433
2011-05-10;13:00;292.66;56.01;930.66;1.47;259.51;0.091530;0.000000;0.000000;479.1824
2011-05-10;14:00;292.41;57.56;930.40;1.26;279.19;0.078817;0.000000;0.000000;366.7160
2011-05-10;15:00;292.09;59.54;930.05;0.94;293.83;0.090161;0.000000;0.000000;286.0932
2011-05-10;16:00;291.86;61.88;929.72;0.55;301.35;0.096859;0.000000;0.000000;221.7780
2011-05-10;17:00;291.71;65.03;929.37;0.31;269.70;0.085005;0.000000;0.000000;180.8489
2011-05-10;18:00;291.15;73.17;929.10;0.50;231.81;0.029273;0.000000;0.000000;115.3211
2011-05-10;19:00;289.51;75.89;928.99;0.91;227.17;0.021143;0.000000;0.000000;26.6475
2011-05-10;20:00;288.53;74.16;929.24;1.11;220.32;0.028718;0.000000;0.000000;0.0000
2011-05-10;21:00;287.97;75.77;929.47;1.17;208.49;0.038241;0.000000;0.000000;0.0000
2011-05-10;22:00;287.50;77.33;929.56;1.26;195.70;0.045031;0.000000;0.000000;0.0000
2011-05-10;23:00;287.06;78.78;929.66;1.37;188.75;0.052740;0.000000;0.000000;0.0000
2011-05-10;24:00;286.73;79.27;929.63;1.51;184.19;0.047887;0.000000;0.000000;0.0000
2011-05-11;01:00;286.52;78.88;929.44;1.57;176.71;0.040608;0.000000;0.000000;0.0000
2011-05-11;02:00;286.48;77.88;929.14;1.51;170.08;0.031858;0.000000;0.000000;0.0000
2011-05-11;03:00;286.34;77.46;928.91;1.40;164.76;0.025116;0.000000;0.000000;0.0000
2011-05-11;04:00;285.98;78.31;928.66;1.42;161.86;0.016923;0.000000;0.000000;0.0000
2011-05-11;05:00;285.51;80.51;928.54;1.49;158.94;0.005806;0.000000;0.000000;9.5433
2011-05-11;06:00;286.28;82.79;928.56;1.43;159.56;0.002326;0.000000;0.000000;77.0863
2011-05-11;07:00;288.34;74.35;928.63;1.41;175.81;0.003081;0.000000;0.000000;212.2472
2011-05-11;08:00;290.18;61.89;928.65;1.30;214.26;0.016102;0.000000;0.000000;376.3226
2011-05-11;09:00;291.59;57.15;928.55;1.36;240.83;0.030544;0.000000;0.000000;541.3369
2011-05-11;10:00;292.74;55.01;928.35;1.44;262.71;0.054550;0.000000;0.000000;628.8905
2011-05-11;11:00;293.52;53.97;928.03;1.59;279.33;0.095372;0.000000;0.000000;650.5173
2011-05-11;12:00;293.86;54.02;927.64;1.75;289.18;0.139321;0.000000;0.000000;611.2440
2011-05-11;13:00;293.72;55.39;927.33;1.82;294.20;0.193332;0.000000;0.000000;507.4251
2011-05-11;14:00;293.35;57.68;926.95;1.84;295.72;0.260530;0.000000;0.000000;404.3369
2011-05-11;15:00;292.58;62.66;926.60;1.67;297.31;0.307335;0.000000;0.000000;249.5234
2011-05-11;16:00;291.97;66.91;926.26;1.43;296.78;0.353190;0.000000;0.000000;155.5455
2011-05-11;17:00;291.31;73.88;926.00;1.20;297.98;0.347530;0.000000;0.000000;93.3869
2011-05-11;18:00;290.54;79.71;925.73;0.93;301.78;0.311623;0.000000;0.000000;44.9060
2011-05-11;19:00;289.84;76.37;925.56;0.93;310.66;0.276439;0.000000;0.000000;9.7111
2011-05-11;20:00;289.47;75.57;925.60;0.78;321.62;0.234071;0.000000;0.000000;0.0000
2011-05-11;21:00;289.35;75.62;925.45;0.43;338.50;0.223273;0.000000;0.000000;0.0000
2011-05-11;22:00;289.01;76.76;925.12;0.15;109.91;0.202696;0.000000;0.000000;0.0000
2011-05-11;23:00;288.55;78.16;924.84;0.36;176.10;0.207596;0.000000;0.000000;0.0000
2011-05-11;24:00;287.80;81.42;924.68;0.59;242.76;0.246244;0.000000;0.000000;0.0000
2011-05-12;01:00;287.20;84.63;924.60;0.82;280.67;0.317030;0.000000;0.000000;0.0000
2011-05-12;02:00;286.88;86.57;924.41;0.69;302.01;0.376428;0.000000;0.000000;0.0000
2011-05-12;03:00;286.58;87.90;924.14;0.40;322.58;0.783348;0.000000;0.000000;0.0000
2011-05-12;04:00;286.25;89.46;923.84;0.29;348.36;1.752416;0.000000;0.000000;0.0000
2011-05-12;05:00;285.88;90.96;923.60;0.31;17.66;2.412907;0.000000;0.000000;4.6334
2011-05-12;06:00;286.07;92.23;923.51;0.31;58.82;2.451574;0.000000;0.000000;32.5476
2011-05-12;07:00;286.95;92.53;923.36;0.38;81.80;1.991961;0.000000;0.000000;80.0579
2011-05-12;08:00;288.05;88.00;923.08;0.47;172.76;1.606854;0.000000;0.000000;137.1516
2011-05-12;09:00;288.57;84.40;922.96;1.22;233.43;1.846279;0.000000;0.000000;172.7663
2011-05-12;10:00;288.71;83.95;923.26;2.14;266.06;2.318100;0.000000;0.000000;234.5320
2011-05-12;11:00;289.08;81.67;923.64;2.67;292.49;1.931732;0.000000;0.000000;302.1169
2011-05-12;12:00;289.61;77.27;923.97;2.79;312.63;0.937389;0.000000;0.000000;372.3827
2011-05-12;13:00;290.15;72.08;924.05;2.55;321.19;0.379036;0.000000;0.000000;438.3003
2011-05-12;14:00;290.65;68.17;924.08;2.39;319.59;0.270170;0.000000;0.000000;508.6626
2011-05-12;15:00;290.65;66.65;924.12;2.47;317.14;0.221812;0.000000;0.000000;448.2916
2011-05-12;16:00;290.13;67.92;924.20;2.58;320.25;0.188389;0.000000;0.000000;324.3069
2011-05-12;17:00;289.48;71.06;924.18;2.57;327.06;0.177214;0.000000;0.000000;233.3378
2011-05-12;18:00;288.60;77.82;924.20;2.07;333.07;0.196774;0.000000;0.000000;128.7678
2011-05-12;19:00;286.86;88.66;924.27;1.61;341.02;0.140469;0.000000;0.000000;27.9468
2011-05-12;20:00;285.51;89.73;924.56;1.76;349.12;0.077180;0.000000;0.000000;0.0000
2011-05-12;21:00;285.06;90.16;924.73;1.73;356.57;0.041829;0.000000;0.000000;0.0000
2011-05-12;22:00;284.57;91.14;924.74;1.73;3.30;0.029663;0.000000;0.000000;0.0000
2011-05-12;23:00;284.08;92.27;924.75;1.72;7.34;0.021862;0.000000;0.000000;0.0000
2011-05-12;24:00;283.47;93.85;924.71;1.71;9.86;0.015121;0.000000;0.000000;0.0000
2011-05-13;01:00;282.82;95.48;924.65;1.71;13.41;0.009923;0.000000;0.000000;0.0000
2011-05-13;02:00;282.30;96.27;924.55;1.68;18.56;0.010401;0.000000;0.000000;0.0000
2011-05-13;03:00;281.89;95.99;924.50;1.60;25.16;0.007691;0.000000;0.000000;0.0000
2011-05-13;04:00;281.40;95.74;924.45;1.54;33.50;0.006910;0.000000;0.000000;0.0000
2011-05-13;05:00;281.13;95.65;924.43;1.35;42.91;0.006786;0.000000;0.000000;18.6967
2011-05-13;06:00;282.80;92.68;924.39;1.14;50.66;0.002796;0.000000;0.000000;138.8730
2011-05-13;07:00;284.75;84.19;924.39;1.26;38.97;0.000337;0.000000;0.000000;333.6136
2011-05-13;08:00;287.36;69.01;924.34;1.63;9.10;0.000148;0.000000;0.000000;542.0251
2011-05-13;09:00;289.77;56.56;924.22;2.12;348.21;0.000068;0.000000;0.000000;708.1782
2011-05-13;10:00;291.21;51.18;924.00;2.42;334.88;0.000029;0.000000;0.000000;838.0759
2011-05-13;11:00;292.22;48.41;923.73;2.57;324.38;0.000770;0.000000;0.000000;920.9294
2011-05-13;12:00;292.93;46.97;923.40;2.65;315.60;0.004668;0.000000;0.000000;945.6902
2011-05-13;13:00;293.30;46.67;923.07;2.69;308.89;0.018077;0.000000;0.000000;911.9413
2011-05-13;14:00;293.32;47.35;922.71;2.68;304.98;0.050246;0.000000;0.000000;824.4363
2011-05-13;15:00;292.97;49.02;922.47;2.55;303.13;0.080280;0.000000;0.000000;686.3749
2011-05-13;16:00;292.37;51.40;922.26;2.35;303.61;0.151666;0.000000;0.000000;524.5278
2011-05-13;17:00;291.40;55.48;922.14;2.11;304.89;0.248891;0.000000;0.000000;315.2903
2011-05-13;18:00;290.09;63.75;922.17;1.60;306.22;0.415225;0.000000;0.000000;147.7776
2011-05-13;19:00;288.03;77.79;922.19;1.22;317.60;0.566832;0.000000;0.000000;29.8083
2011-05-13;20:00;287.02;73.53;922.35;0.88;341.70;0.533861;0.000000;0.000000;0.0000
2011-05-13;21:00;286.58;73.78;922.51;0.58;60.21;0.290212;0.000000;0.000000;0.0000
2011-05-13;22:00;285.98;76.76;922.32;0.95;123.11;0.057821;0.000000;0.000000;0.0000
2011-05-13;23:00;285.78;76.59;922.02;1.24;157.63;0.013752;0.000000;0.000000;0.0000
2011-05-13;24:00;285.08;78.71;921.81;1.58;181.27;0.008228;0.000000;0.000000;0.0000
2011-05-14;01:00;284.19;81.37;921.79;1.84;191.26;0.010093;0.000000;0.000000;0.0000
2011-05-14;02:00;283.67;83.03;921.92;1.95;190.63;0.011964;0.000000;0.000000;0.0000
2011-05-14;03:00;283.15;85.91;921.99;2.09;187.84;0.016439;0.000000;0.000000;0.0000
2011-05-14;04:00;282.92;88.19;921.93;2.14;181.78;0.020027;0.000000;0.000000;0.0000
2011-05-14;05:00;282.88;89.54;921.83;2.14;174.72;0.018340;0.000000;0.000000;21.5009
2011-05-14;06:00;285.13;87.73;921.80;2.06;176.05;0.017954;0.000000;0.000000;141.1345
2011-05-14;07:00;287.26;78.41;921.95;2.84;191.65;0.014054;0.000000;0.000000;310.4928
2011-05-14;08:00;288.74;71.30;922.01;3.22;207.32;0.050864;0.000000;0.000000;472.0240
2011-05-14;09:00;289.98;65.60;921.79;3.05;224.23;0.204829;0.000000;0.000000;590.1354
2011-05-14;10:00;290.29;64.11;921.45;2.76;236.52;0.246813;0.000000;0.000000;538.7081
2011-05-14;11:00;290.22;64.56;921.18;2.68;243.80;0.339185;0.000000;0.000000;497.1030
2011-05-14;12:00;290.14;65.24;921.13;3.08;256.26;0.824610;0.000000;0.000000;515.2253
2011-05-14;13:00;288.95;70.65;921.08;3.14;270.89;1.576605;0.000000;0.000000;302.3127
2011-05-14;14:00;287.57;78.55;921.09;3.05;287.58;2.086063;0.000000;0.000000;187.6484
2011-05-14;15:00;286.61;83.17;921.06;3.31;301.09;2.838831;0.000000;0.000000;146.5768
2011-05-14;16:00;285.70;85.70;921.34;4.06;306.78;3.317789;0.000000;0.000000;108.6946
2011-05-14;17:00;284.57;87.09;921.93;4.36;310.76;2.019120;0.000000;0.000000;70.2231
2011-05-14;18:00;283.43;88.53;922.52;3.92;313.68;1.178789;0.000000;0.000000;29.0427
2011-05-14;19:00;282.55;90.57;923.01;3.25;317.95;0.917122;0.000000;0.000000;7.1105
2011-05-14;20:00;281.88;91.91;923.56;2.99;323.71;0.946231;0.000000;0.000000;0.0000
2011-05-14;21:00;281.28;92.89;924.28;2.88;327.35;0.871546;0.000000;0.000000;0.0000
2011-05-14;22:00;280.68;93.73;924.60;2.56;336.32;0.544449;0.000000;0.000000;0.0000
2011-05-14;23:00;280.02;94.36;924.55;2.28;349.28;0.291932;0.025855;0.000072;0.0000
2011-05-14;24:00;279.43;95.13;924.49;2.07;354.67;0.130764;0.059442;0.000237;0.0000
2011-05-15;01:00;278.73;96.20;924.42;1.88;354.34;0.101954;0.056328;0.000406;0.0000
2011-05-15;02:00;278.18;96.47;924.37;1.93;355.54;0.064937;0.047338;0.000549;0.0000
2011-05-15;03:00;277.77;96.33;924.25;1.92;355.93;0.025997;0.036408;0.000665;0.0000
2011-05-15;04:00;277.49;95.92;924.16;2.04;353.78;0.012803;0.016832;0.000752;0.0000
2011-05-15;05:00;277.44;95.18;924.20;2.16;348.53;0.009996;0.013910;0.000820;18.3366
2011-05-15;06:00;278.18;92.31;924.51;2.52;345.74;0.008849;0.010574;0.000883;121.2656
2011-05-15;07:00;279.48;83.58;924.90;3.19;346.56;0.007102;0.003983;0.000924;332.0951
2011-05-15;08:00;281.26;68.87;925.11;4.09;344.65;0.004301;0.001603;0.000929;517.7001
2011-05-15;09:00;282.40;59.06;925.23;4.70;341.67;0.006581;0.003965;0.000901;642.3514
2011-05-15;10:00;283.12;55.43;925.45;4.94;340.46;0.026806;0.000828;0.000863;735.9971
2011-05-15;11:00;283.65;54.17;925.69;5.19;340.41;0.065596;0.000000;0.000811;770.3579
2011-05-15;12:00;283.41;55.09;925.94;5.34;340.65;0.084489;0.000000;0.000777;615.7016
2011-05-15;13:00;282.85;57.26;926.26;5.25;341.77;0.104674;0.000000;0.000777;477.8785
2011-05-15;14:00;282.70;59.14;926.51;5.07;343.90;0.158979;0.000000;0.000782;465.9579
2011-05-15;15:00;282.67;60.66;926.68;4.90;346.42;0.177673;0.000000;0.000783;438.6864
2011-05-15;16:00;282.56;62.03;926.89;4.68;348.58;0.148367;0.000000;0.000785;380.1662
2011-05-15;17:00;282.21;64.28;927.22;4.28;349.93;0.104339;0.010392;0.000802;279.4477
2011-05-15;18:00;281.53;68.97;927.54;3.47;349.86;0.052426;0.019350;0.000855;146.1740
2011-05-15;19:00;280.14;81.69;928.05;1.94;349.01;0.020193;0.019413;0.000656;33.3704
2011-05-15;20:00;278.59;89.42;928.64;1.81;351.57;0.008916;0.032166;0.000671;0.0003
2011-05-15;21:00;278.20;89.68;929.05;1.81;353.36;0.014919;0.024850;0.000686;0.0000
2011-05-15;22:00;277.88;89.88;929.24;1.74;355.16;0.012925;0.023388;0.000700;0.0000
2011-05-15;23:00;277.58;91.12;929.27;1.61;358.55;0.010791;0.021369;0.000712;0.0000
2011-05-15;24:00;277.23;93.13;929.17;1.50;4.66;0.004723;0.019457;0.000722;0.0000
2011-05-16;01:00;276.89;95.30;929.03;1.48;10.44;0.005421;0.019811;0.000733;0.0000
2011-05-16;02:00;276.50;97.34;928.98;1.41;16.81;0.006154;0.009939;0.000741;0.0000
2011-05-16;03:00;276.33;98.36;929.06;1.33;22.17;0.006128;0.008315;0.000745;0.0000
2011-05-16;04:00;276.08;99.81;929.25;1.30;27.04;0.006756;0.009620;0.000750;0.0000
2011-05-16;05:00;276.17;98.99;929.55;1.24;33.65;0.006063;0.007729;0.000754;22.3422
2011-05-16;06:00;278.32;88.62;929.87;1.33;28.83;0.006359;0.006168;0.000757;143.6457
2011-05-16;07:00;280.59;75.47;930.14;2.02;16.97;0.016697;0.000894;0.000743;334.5337
2011-05-16;08:00;282.60;64.66;930.31;2.67;6.69;0.012977;0.000054;0.000691;514.9407
2011-05-16;09:00;284.04;59.09;930.40;3.00;358.77;0.010915;0.000000;0.000591;666.6925
2011-05-16;10:00;285.34;55.57;930.33;3.18;353.03;0.008419;0.000000;0.000477;799.4589
2011-05-16;11:00;286.51;53.27;930.16;3.33;349.27;0.004685;0.000000;0.000368;889.6442
2011-05-16;12:00;287.39;51.93;929.86;3.51;346.89;0.002545;0.000000;0.000278;902.6536
2011-05-16;13:00;287.94;51.41;929.51;3.71;346.56;0.001222;0.000000;0.000208;865.8058
2011-05-16;14:00;288.11;51.61;929.11;3.80;347.79;0.000910;0.000000;0.000159;755.2801
2011-05-16;15:00;287.88;52.69;928.65;3.72;350.06;0.000840;0.000000;0.000126;595.8743
2011-05-16;16:00;287.53;54.30;928.21;3.60;352.51;0.002161;0.000000;0.000106;457.2055
2011-05-16;17:00;287.05;56.72;927.93;3.46;353.99;0.005110;0.000000;0.000094;342.0026
2011-05-16;18:00;286.14;62.07;927.78;3.00;354.11;0.007921;0.000000;0.000088;202.4959
2011-05-16;19:00;283.55;80.29;927.75;1.97;353.88;0.005132;0.000000;0.000085;50.3470
2011-05-16;20:00;281.69;83.59;927.84;2.04;0.50;0.003409;0.000000;0.000084;0.0033
2011-05-16;21:00;281.33;83.42;927.93;1.80;11.24;0.002032;0.000000;0.000084;0.0000
2011-05-16;22:00;280.90;84.66;927.91;1.61;24.58;0.001066;0.000000;0.000083;0.0000
2011-05-16;23:00;280.58;85.93;927.98;1.48;35.68;0.000155;0.000000;0.000083;0.0000
2011-05-16;24:00;280.27;86.82;927.96;1.40;45.01;0.000005;0.000000;0.000083;0.0000
2011-05-17;01:00;280.01;87.53;927.83;1.36;53.60;0.000002;0.000000;0.000083;0.0000
2011-05-17;02:00;279.87;87.26;927.68;1.33;59.35;0.000001;0.000000;0.000083;0.0000
2011-05-17;03:00;279.63;87.43;927.62;1.25;60.52;0.000001;0.000000;0.000083;0.0000
2011-05-17;04:00;279.34;87.91;927.66;1.12;64.00;0.000000;0.000000;0.000083;0.0000
2011-05-17;05:00;279.26;87.66;927.74;1.07;73.73;0.000000;0.000000;0.000083;28.7812
2011-05-17;06:00;281.41;84.09;927.78;0.86;71.89;0.000000;0.000000;0.000082;169.6338
2011-05-17;07:00;283.99;69.26;927.75;1.11;41.78;0.000001;0.000000;0.000076;349.9788
2011-05-17;08:00;286.48;58.91;927.70;1.72;13.27;0.000003;0.000000;0.000066;523.7837
2011-05-17;09:00;288.27;54.56;927.60;2.03;355.31;0.000015;0.000000;0.000054;691.3093
2011-05-17;10:00;289.70;52.30;927.44;2.38;343.26;0.000310;0.000000;0.000043;809.8452
2011-05-17;11:00;290.86;50.77;927.17;2.67;337.01;0.003305;0.000000;0.000032;895.5658
2011-05-17;12:00;291.62;49.95;926.85;2.86;333.39;0.008126;0.000000;0.000024;908.0443
2011-05-17;13:00;291.99;49.92;926.50;3.00;332.16;0.015251;0.000000;0.000018;865.6275
2011-05-17;14:00;291.91;50.70;926.13;3.08;333.36;0.029996;0.000000;0.000013;742.4766
2011-05-17;15:00;291.49;52.30;925.75;3.08;337.21;0.035506;0.000000;0.000010;588.0283
2011-05-17;16:00;290.98;54.31;925.40;2.95;343.33;0.036618;0.000000;0.000003;446.4338
2011-05-17;17:00;290.33;57.33;925.11;2.69;348.74;0.027440;0.000000;0.000002;307.0714
2011-05-17;18:00;289.16;67.68;924.86;1.92;352.54;0.014362;0.000000;0.000000;153.4545
2011-05-17;19:00;287.14;79.68;924.76;1.56;357.71;0.009523;0.000000;0.000000;34.1664
2011-05-17;20:00;286.21;77.29;924.87;1.53;5.75;0.001516;0.000000;0.000000;0.0059
2011-05-17;21:00;285.95;76.84;924.92;1.32;18.77;0.000692;0.000000;0.000000;0.0000
2011-05-17;22:00;285.48;76.52;924.71;1.07;35.23;0.001859;0.000000;0.000000;0.0000
2011-05-17;23:00;284.92;77.29;924.50;0.85;60.79;0.001598;0.000000;0.000000;0.0000
2011-05-17;24:00;284.27;79.24;924.26;0.80;85.64;0.000156;0.000000;0.000000;0.0000
2011-05-18;01:00;283.82;80.74;923.93;0.84;105.35;0.000007;0.000000;0.000000;0.0000
2011-05-18;02:00;283.57;81.34;923.70;0.95;120.64;0.000004;0.000000;0.000000;0.0000
2011-05-18;03:00;283.20;82.73;923.57;1.07;132.46;0.000006;0.000000;0.000000;0.0000
2011-05-18;04:00;282.75;84.94;923.50;1.24;142.94;0.000001;0.000000;0.000000;0.0000
2011-05-18;05:00;282.36;87.18;923.59;1.36;148.48;0.000000;0.000000;0.000000;23.9452
2011-05-18;06:00;283.98;87.53;923.70;1.15;153.02;0.000009;0.000000;0.000000;148.6159
2011-05-18;07:00;286.70;72.19;923.74;1.14;168.49;0.007061;0.000000;0.000000;341.0132
2011-05-18;08:00;289.15;60.72;923.66;0.90;208.48;0.010316;0.000000;0.000000;536.1163
2011-05-18;09:00;290.89;53.60;923.57;1.28;248.04;0.015181;0.000000;0.000000;686.0852
2011-05-18;10:00;291.86;50.20;923.54;1.78;262.26;0.018743;0.000000;0.000000;786.6270
2011-05-18;11:00;292.58;47.88;923.37;2.08;265.06;0.034549;0.000000;0.000000;860.1528
2011-05-18;12:00;293.02;46.70;923.12;2.25;264.91;0.060617;0.000000;0.000000;879.6960
2011-05-18;13:00;293.22;46.43;922.86;2.26;262.39;0.061545;0.000000;0.000000;848.4995
2011-05-18;14:00;293.11;47.04;922.58;2.17;257.15;0.091249;0.000000;0.000000;756.4395
2011-05-18;15:00;292.80;48.18;922.30;2.03;249.52;0.113413;0.000000;0.000000;631.3101
2011-05-18;16:00;292.30;50.05;922.10;1.91;238.58;0.125456;0.000000;0.000000;479.5695
2011-05-18;17:00;291.66;53.38;921.98;1.79;226.03;0.143604;0.000000;0.000000;325.7788
2011-05-18;18:00;290.60;63.64;921.95;1.49;213.08;0.174716;0.000000;0.000000;167.9901
2011-05-18;19:00;288.34;76.35;922.06;1.60;198.09;0.186971;0.000000;0.000000;43.2882
2011-05-18;20:00;286.68;75.95;922.44;2.00;189.79;0.221070;0.000000;0.000000;0.0273
2011-05-18;21:00;285.95;78.33;922.83;2.18;186.92;0.252456;0.000000;0.000000;0.0000
2011-05-18;22:00;285.22;80.69;923.05;2.33;183.42;0.258829;0.000000;0.000000;0.0000
2011-05-18;23:00;284.50;82.45;923.17;2.37;176.82;0.217876;0.000000;0.000000;0.0000
2011-05-18;24:00;283.89;82.72;923.10;2.38;168.20;0.150745;0.000000;0.000000;0.0000
2011-05-19;01:00;283.32;82.30;922.97;2.34;160.19;0.092488;0.000000;0.000000;0.0000
2011-05-19;02:00;282.87;81.00;922.85;2.31;154.59;0.058538;0.000000;0.000000;0.0000
2011-05-19;03:00;282.52;80.48;922.76;2.27;152.43;0.037986;0.000000;0.000000;0.0000
2011-05-19;04:00;282.48;79.13;922.71;2.17;151.14;0.022683;0.000000;0.000000;0.0000
2011-05-19;05:00;282.92;78.23;922.76;1.99;151.45;0.009371;0.000000;0.000000;25.0738
2011-05-19;06:00;285.30;82.10;922.86;1.40;151.35;0.002063;0.000000;0.000000;144.7402
2011-05-19;07:00;288.34;64.12;922.98;1.25;174.88;0.018454;0.000000;0.000000;303.8446
2011-05-19;08:00;290.14;51.19;923.03;1.62;236.64;0.023388;0.000000;0.000000;461.9314
2011-05-19;09:00;291.16;47.88;923.03;2.28;261.97;0.022651;0.000000;0.000000;601.1390
2011-05-19;10:00;291.84;47.75;923.04;2.66;272.35;0.047510;0.000000;0.000000;710.0552
2011-05-19;11:00;292.24;48.43;923.00;2.84;277.69;0.089909;0.000000;0.000000;756.6019
2011-05-19;12:00;292.40;49.74;922.91;2.91;281.90;0.153607;0.000000;0.000000;755.8742
2011-05-19;13:00;292.21;52.10;922.93;2.85;285.45;0.279452;0.000000;0.000000;684.3626
2011-05-19;14:00;291.62;55.46;923.01;2.69;289.13;0.457843;0.000000;0.000000;539.8524
2011-05-19;15:00;290.85;59.28;923.13;2.32;293.30;0.617012;0.000000;0.000000;385.5365
2011-05-19;16:00;290.02;64.46;923.12;1.71;297.28;0.739765;0.000000;0.000000;220.8428
2011-05-19;17:00;289.34;70.16;922.99;1.11;291.96;0.846524;0.000000;0.000000;126.7626
2011-05-19;18:00;288.69;80.03;922.95;0.69;277.20;0.842027;0.000000;0.000000;59.5684
2011-05-19;19:00;287.76;82.99;923.07;0.52;238.09;0.601248;0.000000;0.000000;13.8407
2011-05-19;20:00;287.07;81.93;923.30;0.72;210.16;0.325084;0.000000;0.000000;0.0185
2011-05-19;21:00;286.44;82.80;923.57;1.11;193.87;0.169049;0.000000;0.000000;0.0000
2011-05-19;22:00;285.67;85.42;923.81;1.52;194.15;0.118134;0.000000;0.000000;0.0000
2011-05-19;23:00;285.13;87.64;924.13;1.70;194.82;0.087080;0.000000;0.000000;0.0000
2011-05-19;24:00;284.85;88.57;924.23;1.69;189.82;0.076703;0.000000;0.000000;0.0000
2011-05-20;01:00;284.63;89.12;924.21;1.59;179.84;0.090056;0.000000;0.000000;0.0000
2011-05-20;02:00;284.40;89.45;924.23;1.52;168.97;0.081150;0.000000;0.000000;0.0000
2011-05-20;03:00;284.09;89.77;924.21;1.52;157.11;0.054023;0.000000;0.000000;0.0000
2011-05-20;04:00;283.77;89.76;924.22;1.58;142.68;0.038753;0.000000;0.000000;0.0000
2011-05-20;05:00;283.91;88.06;924.39;1.58;135.65;0.020544;0.000000;0.000000;20.9449
2011-05-20;06:00;285.58;87.78;924.64;1.54;139.87;0.006643;0.000000;0.000000;116.6424
2011-05-20;07:00;288.07;77.21;924.86;1.31;149.39;0.025673;0.000000;0.000000;260.9098
2011-05-20;08:00;289.85;60.46;924.93;0.75;184.63;0.038396;0.000000;0.000000;403.7184
2011-05-20;09:00;291.12;53.64;924.96;0.69;244.84;0.073447;0.000000;0.000000;557.5867
2011-05-20;10:00;291.99;50.96;925.01;1.07;275.12;0.103342;0.000000;0.000000;619.9056
2011-05-20;11:00;292.56;50.10;924.96;1.51;289.49;0.121597;0.000000;0.000000;668.4821
2011-05-20;12:00;292.78;50.34;924.88;1.80;298.69;0.123887;0.000000;0.000000;656.5883
2011-05-20;13:00;292.64;51.62;924.76;1.93;306.05;0.119868;0.000000;0.000000;571.9848
2011-05-20;14:00;292.42;53.00;924.72;1.85;311.26;0.120299;0.000000;0.000000;503.0342
2011-05-20;15:00;292.12;54.57;924.64;1.61;315.72;0.126467;0.000000;0.000000;414.9496
2011-05-20;16:00;291.74;56.48;924.56;1.36;323.01;0.160127;0.000000;0.000000;325.8013
2011-05-20;17:00;291.27;59.67;924.44;1.12;333.46;0.180106;0.000000;0.000000;229.1774
2011-05-20;18:00;290.68;65.69;924.43;0.88;343.59;0.162354;0.000000;0.000000;132.7300
2011-05-20;19:00;289.33;72.32;924.57;0.71;357.10;0.101169;0.000000;0.000000;35.8505
2011-05-20;20:00;288.36;68.76;924.85;0.68;13.00;0.059426;0.000000;0.000000;0.0714
2011-05-20;21:00;287.81;69.74;925.09;0.68;18.77;0.034293;0.000000;0.000000;0.0000
2011-05-20;22:00;287.03;72.95;925.17;0.65;30.80;0.011327;0.000000;0.000000;0.0000
2011-05-20;23:00;286.42;75.04;925.20;0.65;53.56;0.001477;0.000000;0.000000;0.0000
2011-05-20;24:00;285.77;77.56;925.15;0.70;76.61;0.000953;0.000000;0.000000;0.0000
2011-05-21;01:00;285.05;80.55;925.10;0.81;92.87;0.001208;0.000000;0.000000;0.0000
2011-05-21;02:00;284.61;82.16;925.13;0.93;102.69;0.000956;0.000000;0.000000;0.0000
2011-05-21;03:00;284.22;83.50;925.11;1.02;108.37;0.000250;0.000000;0.000000;0.0000
2011-05-21;04:00;283.72;85.46;925.18;1.07;109.32;0.000056;0.000000;0.000000;0.0000
2011-05-21;05:00;283.39;87.56;925.22;1.11;108.42;0.000085;0.000000;0.000000;27.5152
2011-05-21;06:00;285.14;87.72;925.35;0.79;101.74;0.001112;0.000000;0.000000;149.6849
2011-05-21;07:00;287.88;73.37;925.52;0.80;75.86;0.003462;0.000000;0.000000;323.2056
2011-05-21;08:00;290.19;60.91;925.61;1.16;16.48;0.007051;0.000000;0.000000;499.7552
2011-05-21;09:00;291.87;55.52;925.52;1.75;355.53;0.042549;0.000000;0.000000;657.5517
2011-05-21;10:00;292.96;53.48;925.34;2.11;345.53;0.088662;0.000000;0.000000;756.1827
2011-05-21;11:00;293.66;52.45;925.18;2.37;339.47;0.133029;0.000000;0.000000;800.6140
2011-05-21;12:00;294.08;52.14;924.99;2.51;335.86;0.175458;0.000000;0.000000;807.6244
2011-05-21;13:00;294.10;52.75;924.76;2.50;333.12;0.253771;0.000000;0.000000;726.4299
2011-05-21;14:00;293.68;54.42;924.50;2.38;331.19;0.277259;0.000000;0.000000;564.3159
2011-05-21;15:00;293.25;56.12;924.25;2.26;329.42;0.309016;0.000000;0.000000;447.5259
2011-05-21;16:00;292.82;58.42;923.97;2.10;328.28;0.341596;0.000000;0.000000;328.6253
2011-05-21;17:00;292.24;63.23;923.76;1.75;329.10;0.394668;0.000000;0.000000;216.4753
2011-05-21;18:00;291.37;71.33;923.63;1.50;331.08;0.416044;0.000000;0.000000;103.2577
2011-05-21;19:00;289.94;80.66;923.66;1.22;330.19;0.443900;0.000000;0.000000;26.0342
2011-05-21;20:00;289.22;75.61;923.82;1.05;339.30;0.466617;0.000000;0.000000;0.0857
2011-05-21;21:00;288.99;74.76;923.97;0.66;359.74;0.486527;0.000000;0.000000;0.0000
2011-05-21;22:00;288.61;75.48;923.99;0.46;66.47;0.524225;0.000000;0.000000;0.0000
2011-05-21;23:00;287.86;78.64;923.99;0.83;111.56;0.527151;0.000000;0.000000;0.0000
2011-05-21;24:00;287.22;81.16;923.92;1.20;124.87;0.451810;0.000000;0.000000;0.0000
2011-05-22;01:00;286.61;82.95;923.74;1.43;129.10;0.362668;0.000000;0.000000;0.0000
2011-05-22;02:00;286.11;83.61;923.65;1.56;131.80;0.272476;0.000000;0.000000;0.0000
2011-05-22;03:00;285.74;83.48;923.65;1.63;133.71;0.179877;0.000000;0.000000;0.0000
2011-05-22;04:00;285.40;83.89;923.77;1.68;139.14;0.108843;0.000000;0.000000;0.0000
2011-05-22;05:00;285.31;85.18;924.04;1.63;145.36;0.116489;0.000000;0.000000;19.1863
2011-05-22;06:00;286.82;87.85;924.40;1.21;152.68;0.101053;0.000000;0.000000;98.8883
2011-05-22;07:00;289.16;80.39;924.79;0.77;186.88;0.204784;0.000000;0.000000;197.5977
2011-05-22;08:00;290.33;70.58;925.05;0.93;259.13;0.354538;0.000000;0.000000;302.3602
2011-05-22;09:00;290.86;66.66;925.33;1.35;279.20;0.365900;0.000000;0.000000;360.8714
2011-05-22;10:00;291.40;65.55;925.49;1.57;292.68;0.390162;0.000000;0.000000;416.2847
2011-05-22;11:00;291.72;64.56;925.52;1.70;305.66;0.347500;0.000000;0.000000;390.9401
2011-05-22;12:00;292.01;63.49;925.50;1.76;314.68;0.221743;0.000000;0.000000;390.8829
2011-05-22;13:00;292.37;61.88;925.54;1.90;319.10;0.159702;0.000000;0.000000;412.9716
2011-05-22;14:00;292.69;60.70;925.61;2.35;321.51;0.147571;0.000000;0.000000;443.1894
2011-05-22;15:00;292.84;60.18;925.71;2.86;325.13;0.148320;0.000000;0.000000;429.6388
2011-05-22;16:00;292.68;61.10;925.88;3.29;328.38;0.177338;0.000000;0.000000;383.2630
2011-05-22;17:00;292.05;64.78;926.12;3.21;331.07;0.139853;0.000000;0.000000;273.9475
2011-05-22;18:00;291.03;71.89;926.35;2.66;333.14;0.136015;0.000000;0.000000;160.0220
2011-05-22;19:00;288.90;83.66;926.73;2.18;336.68;0.086226;0.000000;0.000000;49.1403
2011-05-22;20:00;286.93;85.77;927.35;2.43;340.44;0.039660;0.000000;0.000000;0.1991
2011-05-22;21:00;286.25;86.40;927.91;2.26;343.94;0.026526;0.000000;0.000000;0.0000
2011-05-22;22:00;285.63;88.33;928.22;2.08;346.77;0.027456;0.000000;0.000000;0.0000
2011-05-22;23:00;284.92;91.25;928.47;2.09;352.59;0.014657;0.000000;0.000000;0.0000
2011-05-22;24:00;284.47;93.77;928.65;1.99;357.18;0.011315;0.000000;0.000000;0.0000
2011-05-23;01:00;284.11;96.06;928.66;1.89;1.22;0.009206;0.000000;0.000000;0.0000
2011-05-23;02:00;283.85;97.56;928.64;1.73;5.28;0.012719;0.000000;0.000000;0.0000
2011-05-23;03:00;283.61;98.06;928.63;1.51;11.33;0.016824;0.000000;0.000000;0.0000
2011-05-23;04:00;283.25;98.87;928.58;1.34;22.38;0.015815;0.000000;0.000000;0.0000
2011-05-23;05:00;283.34;97.29;928.69;1.15;36.11;0.014300;0.000000;0.000000;30.2980
2011-05-23;06:00;285.36;89.77;928.82;1.13;33.88;0.004992;0.000000;0.000000;161.1187
2011-05-23;07:00;287.76;77.92;928.90;1.27;30.74;0.000164;0.000000;0.000000;363.3120
2011-05-23;08:00;290.43;63.92;928.89;1.75;9.81;0.000085;0.000000;0.000000;551.5508
2011-05-23;09:00;292.36;56.64;928.79;2.19;352.01;0.000039;0.000000;0.000000;712.0721
2011-05-23;10:00;293.70;53.03;928.68;2.50;340.61;0.000025;0.000000;0.000000;838.9564
2011-05-23;11:00;294.66;50.92;928.49;2.77;334.20;0.000265;0.000000;0.000000;921.2412
2011-05-23;12:00;295.34;49.57;928.32;2.95;331.07;0.001826;0.000000;0.000000;951.2706
2011-05-23;13:00;295.68;49.18;928.14;3.01;329.98;0.006880;0.000000;0.000000;921.5654
2011-05-23;14:00;295.72;49.50;927.87;2.94;330.48;0.016265;0.000000;0.000000;835.9250
2011-05-23;15:00;295.54;50.33;927.56;2.75;332.37;0.018750;0.000000;0.000000;714.6241
2011-05-23;16:00;295.15;51.71;927.31;2.52;334.05;0.018284;0.000000;0.000000;547.9094
2011-05-23;17:00;294.54;54.54;927.13;2.21;333.93;0.013504;0.000000;0.000000;372.7418
2011-05-23;18:00;293.49;62.39;927.03;1.72;332.10;0.008264;0.000000;0.000000;198.6089
2011-05-23;19:00;291.25;74.45;927.10;1.53;328.87;0.003743;0.000000;0.000000;53.1711
2011-05-23;20:00;289.97;69.76;927.28;1.56;330.95;0.000639;0.000000;0.000000;0.2987
2011-05-23;21:00;289.54;69.29;927.51;1.28;338.50;0.000325;0.000000;0.000000;0.0000
2011-05-23;22:00;289.18;69.08;927.57;0.93;351.27;0.000071;0.000000;0.000000;0.0000
2011-05-23;23:00;288.75;69.65;927.69;0.57;23.25;0.000002;0.000000;0.000000;0.0000
2011-05-23;24:00;288.19;71.12;927.70;0.49;72.02;0.000000;0.000000;0.000000;0.0000
2011-05-24;01:00;287.80;72.20;927.77;0.53;88.64;0.000000;0.000000;0.000000;0.0000
2011-05-24;02:00;287.55;72.77;927.91;0.56;97.05;0.000001;0.000000;0.000000;0.0000
2011-05-24;03:00;287.28;73.49;928.05;0.64;108.41;0.000000;0.000000;0.000000;0.0000
2011-05-24;04:00;286.48;76.91;928.18;0.87;124.47;0.000000;0.000000;0.000000;0.0000
2011-05-24;05:00;286.22;78.51;928.34;0.97;135.24;0.000000;0.000000;0.000000;41.5372
2011-05-24;06:00;287.69;82.90;928.53;0.58;149.66;0.000000;0.000000;0.000000;195.7067
2011-05-24;07:00;290.41;66.51;928.84;0.65;310.08;0.000000;0.000000;0.000000;380.2706
2011-05-24;08:00;291.98;55.35;929.21;2.01;321.87;0.000000;0.000000;0.000000;562.2101
2011-05-24;09:00;293.07;51.72;929.54;2.66;324.85;0.000000;0.000000;0.000000;722.7407
2011-05-24;10:00;294.03;49.46;929.72;2.92;327.28;0.000000;0.000000;0.000000;848.6296
2011-05-24;11:00;294.84;47.89;929.65;3.00;328.37;0.000000;0.000000;0.000000;930.4435
2011-05-24;12:00;295.43;46.76;929.40;3.19;327.71;0.000000;0.000000;0.000000;961.8570
2011-05-24;13:00;295.70;46.20;929.19;3.55;327.09;0.000000;0.000000;0.000000;941.0987
2011-05-24;14:00;295.66;46.20;928.95;3.89;327.83;0.000000;0.000000;0.000000;867.8271
2011-05-24;15:00;295.28;46.91;928.78;4.10;329.93;0.000018;0.000000;0.000000;748.8854
2011-05-24;16:00;294.66;48.28;928.64;4.17;332.21;0.000650;0.000000;0.000000;590.6755
2011-05-24;17:00;293.73;51.14;928.63;4.09;333.60;0.001476;0.000000;0.000000;408.2143
2011-05-24;18:00;292.22;59.33;928.71;3.47;334.21;0.003250;0.000000;0.000000;224.9948
2011-05-24;19:00;289.54;75.57;928.89;2.64;335.26;0.001405;0.000000;0.000000;64.6421
2011-05-24;20:00;286.98;81.82;929.27;2.72;339.60;0.001263;0.000000;0.000000;0.3968
2011-05-24;21:00;286.24;83.19;929.61;2.55;344.77;0.000381;0.000000;0.000000;0.0000
2011-05-24;22:00;285.67;85.06;929.65;2.26;349.65;0.000951;0.000000;0.000000;0.0000
2011-05-24;23:00;285.10;87.29;929.51;2.02;354.30;0.001668;0.000000;0.000000;0.0000
2011-05-24;24:00;284.55;89.56;929.22;1.76;2.19;0.001953;0.000000;0.000000;0.0000
2011-05-25;01:00;283.97;92.17;928.89;1.48;14.21;0.001312;0.000000;0.000000;0.0000
2011-05-25;02:00;283.35;94.78;928.63;1.33;30.35;0.000914;0.000000;0.000000;0.0000
2011-05-25;03:00;282.77;96.87;928.35;1.33;45.13;0.002528;0.000000;0.000000;0.0000
2011-05-25;04:00;282.15;99.13;928.17;1.34;54.22;0.004173;0.000000;0.000000;0.0000
2011-05-25;05:00;282.14;98.45;928.14;1.19;54.51;0.003864;0.000000;0.000000;39.4221
2011-05-25;06:00;284.69;86.76;928.16;1.31;47.30;0.000359;0.000000;0.000000;187.2082
2011-05-25;07:00;287.27;75.70;928.15;1.34;34.30;0.000001;0.000000;0.000000;372.6968
2011-05-25;08:00;290.24;63.46;927.98;1.33;10.79;0.000082;0.000000;0.000000;552.5052
2011-05-25;09:00;292.30;57.20;927.70;1.49;339.76;0.000550;0.000000;0.000000;710.8257
2011-05-25;10:00;293.68;54.47;927.38;1.81;324.40;0.001205;0.000000;0.000000;839.7039
2011-05-25;11:00;294.83;52.53;927.05;1.96;316.56;0.003598;0.000000;0.000000;917.4252
2011-05-25;12:00;295.73;51.24;926.64;2.03;309.04;0.011490;0.000000;0.000000;943.8969
2011-05-25;13:00;296.32;50.59;926.24;2.06;300.36;0.037932;0.000000;0.000000;920.4756
2011-05-25;14:00;296.51;50.75;925.94;2.12;289.89;0.060648;0.000000;0.000000;839.0638
2011-05-25;15:00;296.20;52.35;925.74;2.10;281.44;0.088861;0.000000;0.000000;696.8847
2011-05-25;16:00;295.67;54.70;925.55;1.91;275.44;0.117412;0.000000;0.000000;525.0559
2011-05-25;17:00;295.03;57.77;925.29;1.51;269.21;0.120224;0.000000;0.000000;359.0801
2011-05-25;18:00;294.46;62.84;925.12;0.98;255.97;0.123649;0.000000;0.000000;200.1424
2011-05-25;19:00;292.91;69.51;924.99;0.53;222.87;0.104343;0.000000;0.000000;59.3326
2011-05-25;20:00;291.22;70.41;925.00;0.86;157.39;0.076881;0.000000;0.000000;0.4709
2011-05-25;21:00;289.91;75.79;925.03;1.61;157.42;0.050514;0.000000;0.000000;0.0000
2011-05-25;22:00;288.72;80.59;924.90;2.13;175.16;0.044232;0.000000;0.000000;0.0000
2011-05-25;23:00;287.90;82.52;924.85;2.46;188.27;0.031477;0.000000;0.000000;0.0000
2011-05-25;24:00;287.30;82.76;924.65;2.60;192.20;0.010519;0.000000;0.000000;0.0000
2011-05-26;01:00;286.92;81.86;924.51;2.60;190.13;0.004352;0.000000;0.000000;0.0000
2011-05-26;02:00;286.62;80.59;924.42;2.57;184.06;0.001185;0.000000;0.000000;0.0000
2011-05-26;03:00;286.32;79.63;924.24;2.55;177.93;0.000201;0.000000;0.000000;0.0000
2011-05-26;04:00;286.02;79.38;924.04;2.55;172.77;0.000002;0.000000;0.000000;0.0001
2011-05-26;05:00;286.27;80.03;923.96;2.49;169.99;0.000000;0.000000;0.000000;42.8310
2011-05-26;06:00;289.11;81.18;923.95;1.90;172.90;0.000000;0.000000;0.000000;194.2399
2011-05-26;07:00;292.01;64.74;924.01;2.45;191.34;0.000032;0.000000;0.000000;375.9225
2011-05-26;08:00;293.63;53.18;923.94;3.04;218.88;0.000002;0.000000;0.000000;555.4316
2011-05-26;09:00;294.81;47.68;923.71;3.38;238.66;0.000216;0.000000;0.000000;714.0986
2011-05-26;10:00;295.72;44.71;923.41;3.38;248.83;0.001152;0.000000;0.000000;835.0038
2011-05-26;11:00;296.56;42.56;922.97;3.40;256.07;0.002113;0.000000;0.000000;905.3883
2011-05-26;12:00;296.95;41.84;922.46;3.82;265.59;0.019056;0.000000;0.000000;880.7936
2011-05-26;13:00;296.25;44.30;922.29;4.75;277.31;0.324949;0.000000;0.000000;715.6051
2011-05-26;14:00;294.06;52.95;922.86;5.15;285.77;0.721878;0.000000;0.000000;462.6191
2011-05-26;15:00;291.63;65.35;923.45;3.55;287.47;0.637599;0.000000;0.000000;244.2189
2011-05-26;16:00;290.28;73.52;923.42;1.40;272.59;0.493169;0.000000;0.000000;154.3415
2011-05-26;17:00;289.92;76.12;923.01;0.85;205.00;0.335483;0.000000;0.000000;139.9128
2011-05-26;18:00;289.68;78.90;922.73;0.78;204.91;0.272560;0.000000;0.000000;107.9074
2011-05-26;19:00;288.73;87.82;922.67;0.45;243.11;0.297286;0.000000;0.000000;29.9077
2011-05-26;20:00;287.79;88.22;922.78;0.49;282.74;0.263149;0.000000;0.000000;0.2910
2011-05-26;21:00;287.33;88.53;922.89;0.81;312.18;0.201269;0.000000;0.000000;0.0000
2011-05-26;22:00;286.76;89.29;922.74;1.20;314.73;0.186293;0.000000;0.000000;0.0000
2011-05-26;23:00;286.09;90.74;922.66;1.51;312.27;0.224209;0.000000;0.000000;0.0000
2011-05-26;24:00;285.47;91.42;922.45;1.67;315.82;0.228333;0.000000;0.000000;0.0000
2011-05-27;01:00;284.89;91.22;922.18;1.72;320.79;0.187107;0.000000;0.000000;0.0000
2011-05-27;02:00;284.33;90.56;922.17;1.74;320.29;0.132208;0.000000;0.000000;0.0000
2011-05-27;03:00;283.63;89.84;922.24;1.89;319.22;0.094062;0.000000;0.000000;0.0000
2011-05-27;04:00;282.98;89.57;922.35;1.90;318.79;0.050424;0.000000;0.000000;0.0001
2011-05-27;05:00;282.53;88.97;922.35;1.82;318.21;0.031193;0.000000;0.000000;19.4613
2011-05-27;06:00;282.73;84.73;922.24;2.06;318.27;0.023596;0.000000;0.000000;105.8743
2011-05-27;07:00;283.38;79.00;922.14;2.33;317.36;0.039716;0.000000;0.000000;217.3343
2011-05-27;08:00;284.29;72.90;922.07;2.51;306.66;0.130294;0.000000;0.000000;331.9711
2011-05-27;09:00;285.12;67.70;922.12;2.93;295.02;0.233790;0.000000;0.000000;431.4556
2011-05-27;10:00;285.70;63.85;922.24;3.30;290.56;0.252979;0.000000;0.000000;525.6476
2011-05-27;11:00;286.56;58.57;922.41;3.54;290.23;0.175147;0.000000;0.000000;705.8734
2011-05-27;12:00;287.23;53.86;922.43;3.76;293.06;0.142470;0.000000;0.000000;826.0920
2011-05-27;13:00;287.47;51.63;922.44;3.94;298.07;0.165033;0.000000;0.000000;863.2721
2011-05-27;14:00;287.24;51.63;922.47;3.97;304.26;0.209376;0.000000;0.000000;788.3580
2011-05-27;15:00;286.80;52.40;922.57;3.90;311.59;0.176633;0.000000;0.000000;656.0799
2011-05-27;16:00;286.30;53.59;922.61;3.89;320.56;0.153089;0.000000;0.000000;511.5253
2011-05-27;17:00;285.69;55.43;922.59;3.94;328.81;0.074341;0.000000;0.000000;361.2842
2011-05-27;18:00;284.83;58.70;922.55;3.73;335.35;0.054915;0.000000;0.000000;211.1771
2011-05-27;19:00;283.27;69.42;922.60;2.50;338.34;0.040321;0.000000;0.000000;64.2422
2011-05-27;20:00;281.06;82.91;922.74;2.13;341.13;0.056910;0.000000;0.000000;0.7248
2011-05-27;21:00;280.49;84.42;922.97;2.20;342.67;0.042375;0.002911;0.000000;0.0000
2011-05-27;22:00;280.23;85.33;923.08;2.10;342.72;0.024239;0.023502;0.000001;0.0000
2011-05-27;23:00;279.87;86.77;923.18;1.87;346.21;0.031487;0.019104;0.000001;0.0000
2011-05-27;24:00;279.41;87.93;923.05;1.69;353.54;0.023891;0.014902;0.000001;0.0000
2011-05-28;01:00;278.89;88.51;922.61;1.59;6.86;0.016017;0.009606;0.000000;0.0000
2011-05-28;02:00;278.19;90.90;922.15;1.68;18.61;0.009571;0.005084;0.000000;0.0000
2011-05-28;03:00;277.65;93.24;921.81;1.74;26.56;0.004554;0.001195;0.000000;0.0000
2011-05-28;04:00;277.21;95.27;921.65;1.74;29.20;0.003090;0.001207;0.000000;0.0009
2011-05-28;05:00;277.57;93.65;921.77;1.57;30.13;0.002439;0.000101;0.000000;45.8291
2011-05-28;06:00;280.07;81.30;922.02;1.79;20.61;0.000209;0.000006;0.000000;202.9174
2011-05-28;07:00;282.51;66.95;922.30;2.87;13.19;0.000064;0.000001;0.000000;395.4125
2011-05-28;08:00;284.68;56.25;922.51;3.45;6.43;0.000034;0.000000;0.000000;578.1157
2011-05-28;09:00;286.32;50.49;922.53;3.56;0.42;0.000016;0.000000;0.000000;741.0229
2011-05-28;10:00;287.69;46.92;922.32;3.52;354.93;0.000009;0.000000;0.000000;868.2762
2011-05-28;11:00;288.84;44.60;921.97;3.30;350.02;0.000005;0.000000;0.000000;950.6292
2011-05-28;12:00;289.81;42.96;921.54;3.13;344.35;0.000002;0.000000;0.000000;981.8146
2011-05-28;13:00;290.51;41.96;921.21;3.10;338.05;0.000001;0.000000;0.000000;959.6185
2011-05-28;14:00;290.84;41.84;920.99;3.11;333.06;0.000001;0.000000;0.000000;885.9703
2011-05-28;15:00;290.82;42.43;920.93;3.10;329.35;0.000000;0.000000;0.000000;766.2224
2011-05-28;16:00;290.47;43.70;921.04;3.17;328.33;0.000000;0.000000;0.000000;608.2363
2011-05-28;17:00;289.74;46.24;921.24;3.14;331.65;0.000003;0.000000;0.000000;416.4589
2011-05-28;18:00;288.49;53.10;921.41;2.52;336.37;0.000296;0.000000;0.000000;211.9492
2011-05-28;19:00;286.21;72.85;921.57;1.69;341.34;0.000491;0.000000;0.000000;52.4182
2011-05-28;20:00;284.46;73.57;921.80;1.79;347.68;0.000078;0.000000;0.000000;0.8726
2011-05-28;21:00;283.71;72.78;922.10;1.71;356.42;0.000003;0.000000;0.000000;0.0000
2011-05-28;22:00;283.16;72.98;922.21;1.60;8.06;0.000000;0.000000;0.000000;0.0000
2011-05-28;23:00;282.65;74.00;922.40;1.43;25.73;0.000000;0.000000;0.000000;0.0000
2011-05-28;24:00;282.13;75.33;922.38;1.24;54.62;0.000000;0.000000;0.000000;0.0000
2011-05-29;01:00;281.71;76.26;922.26;1.10;81.72;0.000000;0.000000;0.000000;0.0000
2011-05-29;02:00;281.49;76.11;922.23;1.03;91.95;0.000000;0.000000;0.000000;0.0000
2011-05-29;03:00;281.37;75.72;922.32;1.01;98.03;0.000000;0.000000;0.000000;0.0000
2011-05-29;04:00;281.04;76.47;922.52;0.99;105.01;0.000000;0.000000;0.000000;0.0031
2011-05-29;05:00;281.02;77.43;922.79;1.01;109.33;0.000000;0.000000;0.000000;47.4270
2011-05-29;06:00;283.23;76.64;923.05;0.71;107.91;0.000000;0.000000;0.000000;203.1515
2011-05-29;07:00;285.91;60.24;923.22;0.55;59.28;0.000000;0.000000;0.000000;386.0349
2011-05-29;08:00;288.72;49.84;923.32;0.98;356.24;0.000000;0.000000;0.000000;563.2687
2011-05-29;09:00;290.45;46.02;923.38;1.38;332.72;0.000000;0.000000;0.000000;720.8903
2011-05-29;10:00;291.81;43.88;923.41;1.64;321.39;0.000000;0.000000;0.000000;849.2437
2011-05-29;11:00;292.97;42.23;923.41;1.77;312.57;0.000000;0.000000;0.000000;931.0256
2011-05-29;12:00;293.90;41.22;923.32;1.87;305.04;0.000000;0.000000;0.000000;966.0952
2011-05-29;13:00;294.54;40.64;923.17;1.93;299.10;0.000000;0.000000;0.000000;948.5566
2011-05-29;14:00;294.84;40.75;923.00;1.89;293.84;0.000000;0.000000;0.000000;877.8155
2011-05-29;15:00;294.78;41.46;922.84;1.72;288.76;0.000000;0.000000;0.000000;760.3087
2011-05-29;16:00;294.53;42.62;922.59;1.48;283.56;0.000000;0.000000;0.000000;606.4996
2011-05-29;17:00;293.95;45.21;922.35;1.22;279.82;0.000000;0.000000;0.000000;428.6512
2011-05-29;18:00;292.98;51.91;922.28;0.77;275.32;0.000000;0.000000;0.000000;244.1602
2011-05-29;19:00;291.01;62.61;922.39;0.35;262.13;0.000000;0.000000;0.000000;78.2965
2011-05-29;20:00;289.46;59.28;922.70;0.55;140.94;0.000000;0.000000;0.000000;1.1403
2011-05-29;21:00;288.28;62.99;923.08;1.46;144.63;0.000000;0.000000;0.000000;0.0000
2011-05-29;22:00;287.38;65.84;923.15;1.91;154.36;0.000000;0.000000;0.000000;0.0000
2011-05-29;23:00;286.98;65.96;923.04;2.02;160.42;0.000000;0.000000;0.000000;0.0000
2011-05-29;24:00;286.66;65.90;922.82;1.99;166.91;0.000000;0.000000;0.000000;0.0000
2011-05-30;01:00;286.36;65.88;922.49;1.90;172.69;0.000000;0.000000;0.000000;0.0000
2011-05-30;02:00;285.69;68.06;922.24;1.85;173.14;0.000000;0.000000;0.000000;0.0000
2011-05-30;03:00;285.10;70.14;922.05;1.83;169.35;0.000002;0.000000;0.000000;0.0000
2011-05-30;04:00;284.56;72.43;922.02;1.90;164.98;0.000029;0.000000;0.000000;0.0067
2011-05-30;05:00;284.54;75.51;922.19;1.92;161.30;0.000036;0.000000;0.000000;48.7263
2011-05-30;06:00;287.12;76.76;922.36;1.69;166.83;0.000047;0.000000;0.000000;201.6285
2011-05-30;07:00;289.84;61.53;922.41;2.16;182.88;0.000043;0.000000;0.000000;378.9106
2011-05-30;08:00;291.88;54.97;922.29;2.77;198.46;0.000048;0.000000;0.000000;544.9919
2011-05-30;09:00;293.55;50.50;921.98;3.07;206.80;0.000195;0.000000;0.000000;686.6632
2011-05-30;10:00;294.93;45.95;921.65;3.28;213.85;0.000207;0.000000;0.000000;788.2145
2011-05-30;11:00;296.11;41.33;921.31;3.46;219.85;0.000309;0.000000;0.000000;890.7211
2011-05-30;12:00;296.99;37.90;920.87;3.66;225.39;0.000296;0.000000;0.000000;945.9325
2011-05-30;13:00;297.40;36.24;920.61;4.05;230.42;0.001433;0.000000;0.000000;924.7731
2011-05-30;14:00;297.24;36.61;920.49;4.31;233.26;0.006104;0.000000;0.000000;801.4111
2011-05-30;15:00;296.70;38.75;920.40;4.23;233.60;0.017822;0.000000;0.000000;652.9852
2011-05-30;16:00;295.73;43.08;920.31;3.82;232.15;0.035746;0.000000;0.000000;446.0170
2011-05-30;17:00;294.68;49.19;920.16;3.23;229.47;0.046328;0.000000;0.000000;304.2136
2011-05-30;18:00;293.32;58.66;920.15;2.59;226.46;0.033041;0.000000;0.000000;176.8145
2011-05-30;19:00;290.89;73.00;920.30;2.12;222.20;0.021515;0.000000;0.000000;53.8764
2011-05-30;20:00;288.94;74.12;920.62;2.40;218.44;0.066157;0.000000;0.000000;0.8011
2011-05-30;21:00;288.02;78.23;921.02;2.28;214.89;0.222552;0.000000;0.000000;0.0000
2011-05-30;22:00;287.33;82.47;921.39;1.98;211.93;0.520794;0.000000;0.000000;0.0000
2011-05-30;23:00;286.91;84.10;921.61;2.01;207.99;0.738973;0.000000;0.000000;0.0000
2011-05-30;24:00;286.53;85.07;921.56;1.92;201.64;0.605980;0.000000;0.000000;0.0000
